﻿<?xml version="1.0" encoding="utf-8" ?>
<c2eventsheet>
    <!--All the 'name' attributes are ignored by Construct 2 - they are there for readability only.-->
    <name>Gameover Events</name>
    <events>
        <event-block sid="686369560856458">
            <conditions>
                <condition id="-2" name="On start of layout" sid="579257298748633" type="System" />
            </conditions>
            <actions>
                <action id="10" name="Request fullscreen" sid="419603082943205" type="Browser">
                    <param id="0" name="Mode">5</param>
                </action>
                <action id="4" name="Set animation" sid="589255251844242" type="sPlayerLight">
                    <param id="0" name="Animation">&quot;Défaite&quot;</param>
                    <param id="1" name="From">1</param>
                </action>
                <action id="4" name="Set animation" sid="862805066208590" type="sPlayerShoot">
                    <param id="0" name="Animation">&quot;Défaite&quot;</param>
                    <param id="1" name="From">1</param>
                </action>
            </actions>
        </event-block>
        <event-block sid="611810155795541">
            <conditions>
                <condition id="0" name="On key pressed" sid="971582220710536" type="Keyboard">
                    <param id="0" name="Key">27</param>
                </condition>
            </conditions>
            <actions>
                <action id="1" name="Close" sid="378470526425850" type="Browser" />
            </actions>
        </event-block>
        <event-block any="1" disabled="1" sid="444313157572968">
            <conditions>
                <condition id="3" name="Is button down" sid="610827299655012" type="Gamepad">
                    <param id="0" name="Gamepad">0</param>
                    <param id="1" name="Button">0</param>
                </condition>
                <condition id="3" name="Is button down" sid="551415697084432" type="Gamepad">
                    <param id="0" name="Gamepad">1</param>
                    <param id="1" name="Button">0</param>
                </condition>
                <condition id="3" name="Is button down" sid="399989849919749" type="Gamepad">
                    <param id="0" name="Gamepad">2</param>
                    <param id="1" name="Button">0</param>
                </condition>
                <condition id="3" name="Is button down" sid="465442492612358" type="Gamepad">
                    <param id="0" name="Gamepad">3</param>
                    <param id="1" name="Button">0</param>
                </condition>
                <condition id="6" name="On object clicked" sid="260039691160456" type="Mouse">
                    <param id="0" name="Mouse button">0</param>
                    <param id="1" name="Click type">0</param>
                    <param id="2" name="Object clicked">Bu_Start</param>
                </condition>
                <condition id="0" name="On key pressed" sid="819885201324823" type="Keyboard">
                    <param id="0" name="Key">13</param>
                </condition>
            </conditions>
            <actions>
                <action id="6" name="Set speed" sid="729426742311906" type="Bu_Start">
                    <param id="0" name="Speed">20</param>
                </action>
                <action id="3" name="Start" sid="908779298083290" type="Bu_Start">
                    <param id="0" name="From">1</param>
                </action>
                <action id="-16" name="Wait" sid="971539091496924" type="System">
                    <param id="0" name="Seconds">1</param>
                </action>
                <action id="-2" name="Go to layout" sid="287193244930905" type="System">
                    <param id="0" name="Layout">Main</param>
                </action>
                <action id="-26" name="Restart layout" sid="914941848679546" type="System" />
            </actions>
        </event-block>
    </events>
</c2eventsheet>
