﻿<?xml version="1.0" encoding="utf-8" ?>
<c2eventsheet>
    <!--All the 'name' attributes are ignored by Construct 2 - they are there for readability only.-->
    <name>Opening Events</name>
    <events>
        <event-group description="" sid="639065843872072" title="Opening_Init">
            <sub-events>
                <event-block sid="537187263428494">
                    <conditions>
                        <condition id="-2" name="On start of layout" sid="165530570946456" type="System" />
                    </conditions>
                    <actions>
                        <action id="10" name="Request fullscreen" sid="726247628678365" type="Browser">
                            <param id="0" name="Mode">5</param>
                        </action>
                    </actions>
                </event-block>
                <event-block sid="873325145624663">
                    <conditions>
                        <condition id="0" name="On key pressed" sid="195767605883323" type="Keyboard">
                            <param id="0" name="Key">27</param>
                        </condition>
                    </conditions>
                    <actions>
                        <action id="1" name="Close" sid="195723791086841" type="Browser" />
                    </actions>
                </event-block>
            </sub-events>
        </event-group>
        <event-block any="1" sid="900980249801703">
            <conditions>
                <condition id="3" name="Is button down" sid="491373171998629" type="Gamepad">
                    <param id="0" name="Gamepad">0</param>
                    <param id="1" name="Button">0</param>
                </condition>
                <condition id="3" name="Is button down" sid="936061501243391" type="Gamepad">
                    <param id="0" name="Gamepad">1</param>
                    <param id="1" name="Button">0</param>
                </condition>
                <condition id="3" name="Is button down" sid="504031340650647" type="Gamepad">
                    <param id="0" name="Gamepad">2</param>
                    <param id="1" name="Button">0</param>
                </condition>
                <condition id="3" name="Is button down" sid="933621783794754" type="Gamepad">
                    <param id="0" name="Gamepad">3</param>
                    <param id="1" name="Button">0</param>
                </condition>
                <condition id="6" name="On object clicked" sid="371531733983859" type="Mouse">
                    <param id="0" name="Mouse button">0</param>
                    <param id="1" name="Click type">0</param>
                    <param id="2" name="Object clicked">Bu_Start</param>
                </condition>
                <condition id="0" name="On key pressed" sid="180274995852819" type="Keyboard">
                    <param id="0" name="Key">13</param>
                </condition>
            </conditions>
            <actions>
                <action id="6" name="Set speed" sid="107751515444957" type="Bu_Start">
                    <param id="0" name="Speed">20</param>
                </action>
                <action id="3" name="Start" sid="836641994040052" type="Bu_Start">
                    <param id="0" name="From">1</param>
                </action>
                <action id="-16" name="Wait" sid="974475944410173" type="System">
                    <param id="0" name="Seconds">1</param>
                </action>
                <action id="-2" name="Go to layout" sid="170291010610913" type="System">
                    <param id="0" name="Layout">Main</param>
                </action>
            </actions>
        </event-block>
    </events>
</c2eventsheet>
