﻿<?xml version="1.0" encoding="utf-8" ?>
<c2uistate>
    <!--This is a UI state file - its content describes the user interface settings when the project was last open.
It is entirely optional and the project will load without it.  If you are placing the project under source control,
you probably do not want to add any .uistate.xml files to the repository.-->
    <configurations>
        <active>
            <configuration name="HTML5" />
        </active>
        <display name="HTML5" />
    </configurations>
    <open-tabs>
        <layout order="1">Main</layout>
        <layout order="4">Gameover</layout>
        <layout order="5">Opening</layout>
        <event-sheet active="1" order="2">Main Layout Events</event-sheet>
        <event-sheet order="3">Gameover Events</event-sheet>
    </open-tabs>
    <properties>
        <property expanded="1" name="About" />
        <property expanded="1" name="Project settings" />
        <property expanded="0" name="Window Size" />
        <property expanded="1" name="Configuration Settings" />
    </properties>
    <families-expanded root="1">
        <family expanded="0" name="ClockFamilly" />
        <family expanded="1" name="EnemyFamilly" />
        <family expanded="1" name="FamillyFamilly" />
    </families-expanded>
    <folders-expanded>
        <folder expanded="1" path="object-folder/" />
        <folder expanded="1" path="object-folder/Sprites/" />
        <folder expanded="0" path="object-folder/Sprites/HUD/" />
        <folder expanded="0" path="object-folder/Sprites/NPC/" />
        <folder expanded="0" path="object-folder/Sprites/P1/" />
        <folder expanded="0" path="object-folder/Sprites/P2/" />
        <folder expanded="0" path="object-folder/Sprites/Fireworks/" />
        <folder expanded="0" path="object-folder/Tiles/" />
        <folder expanded="0" path="object-folder/Input/" />
        <folder expanded="1" path="layout-folder/" />
        <folder expanded="1" path="event-folder/" />
        <folder expanded="0" path="file-folder/" />
        <folder expanded="1" path="sound-folder/" />
        <folder expanded="1" path="music-folder/" />
        <folder expanded="1" path="file-folder/Icons/" />
        <folder expanded="1" path="animation-folder/hud_Background/" />
        <folder expanded="1" path="animation-folder/hud_IceCard/" />
        <folder expanded="1" path="animation-folder/hud_FireCard/" />
        <folder expanded="1" path="animation-folder/hud_Clock/" />
        <folder expanded="1" path="animation-folder/hud_ClockHour/" />
        <folder expanded="1" path="animation-folder/hud_ClockMinute/" />
        <folder expanded="1" path="animation-folder/hud_ClockDialHour/" />
        <folder expanded="1" path="animation-folder/hud_ClockDialMinute/" />
        <folder expanded="1" path="animation-folder/Opening_Background/" />
        <folder expanded="1" path="animation-folder/Bu_Start/" />
        <folder expanded="1" path="animation-folder/sEnemy1/" />
        <folder expanded="1" path="animation-folder/sEnemy2/" />
        <folder expanded="1" path="animation-folder/sEnemy3/" />
        <folder expanded="1" path="animation-folder/sEnemy4/" />
        <folder expanded="1" path="animation-folder/sEnemy5/" />
        <folder expanded="1" path="animation-folder/sEnemy6/" />
        <folder expanded="1" path="animation-folder/sFamilly1/" />
        <folder expanded="1" path="animation-folder/sFamilly2/" />
        <folder expanded="1" path="animation-folder/sFamilly3/" />
        <folder expanded="1" path="animation-folder/sFamilly4/" />
        <folder expanded="1" path="animation-folder/sFamilly5/" />
        <folder expanded="1" path="animation-folder/sEnemyDeath/" />
        <folder expanded="1" path="animation-folder/sFamillyFound_Anim/" />
        <folder expanded="1" path="animation-folder/sCamera/" />
        <folder expanded="1" path="animation-folder/sPlayerLight_LightAround/" />
        <folder expanded="1" path="animation-folder/sPlayerLight_Light/" />
        <folder expanded="1" path="animation-folder/sPlayerLight/" />
        <folder expanded="1" path="animation-folder/sPlayerShoot_LightAround/" />
        <folder expanded="1" path="animation-folder/sPlayerShoot/" />
        <folder expanded="1" path="animation-folder/sFireball/" />
        <folder expanded="1" path="animation-folder/sIceball/" />
        <folder expanded="1" path="animation-folder/sFirework1/" />
        <folder expanded="1" path="animation-folder/sFirework2/" />
        <folder expanded="1" path="animation-folder/sFirework3/" />
        <folder expanded="1" path="animation-folder/sFirework4/" />
        <folder expanded="1" path="animation-folder/sFirework5/" />
    </folders-expanded>
</c2uistate>
